{"Perplexity": 6.980339436531067, "BLEU": 0.06092062628483646, "ROUGE-L": 0.19178126432612153, "BERTScore": 0.8667629218101501}