{"Perplexity": 46.09135585784912, "BLEU": 0.23497082269644448, "ROUGE-L": 0.4518493233024686, "BERTScore": 0.907243378162384}