{"Perplexity": 11.697016401290893, "BLEU": 0.027333785537931962, "ROUGE-L": 0.06518963622576629, "BERTScore": 0.2647396492958069}